{
  "general": {
    "image_count": 1025,
    "mean_of_means": 27761.734375,
    "std_of_means": 2972.8203125,
    "min_value": 0.0,
    "max_value": 65471.0
  },
  "general_noise": {
    "general_count": 205,
    "global_mean_value": 27782.125,
    "global_std_value": 2109.290283203125,
    "prnu_estimate": 0.038322560489177704,
    "dsnu_estimate": 1023.0596923828125,
    "row_noise_estimate": 1390.74267578125,
    "variance_slope": 15415.510898846518,
    "variance_intercept": -351057628.14099944,
    "read_noise_estimate": 0.0
  },
  "recommended": {
    "full_scale_dn": 860.0,
    "read_noise_dn": null,
    "prnu_std": 0.038322560489177704,
    "dsnu_std": 1023.0596923828125,
    "row_noise_std": 1390.74267578125,
    "notes": "Estimates are approximate when only normal images are available. Flat/dark frames give better calibration."
  }
}